{
  "model": "Qwen/Qwen2.5-0.5B",
  "seed": 20260606,
  "probe_turns": [
    0,
    2,
    4,
    7,
    9,
    11,
    14,
    17,
    19
  ],
  "n_layers": 24,
  "trajectory": {
    "0": {
      "persona": [
        0.20435,
        0.2081,
        0.20435,
        0.2081,
        0.20435,
        0.2081,
        0.20435,
        0.2081,
        0.20435
      ],
      "base": [
        0.20435,
        0.2081,
        0.20435,
        0.2081,
        0.20435,
        0.2081,
        0.20435,
        0.2081,
        0.20435
      ],
      "delta": [
        0.0,
        0.0,
        0.0,
        0.0,
        0.0,
        0.0,
        0.0,
        0.0,
        0.0
      ]
    },
    "1": {
      "persona": [
        0.18572,
        0.17982,
        0.18522,
        0.17859,
        0.18422,
        0.17825,
        0.18436,
        0.17816,
        0.18435
      ],
      "base": [
        0.18395,
        0.17961,
        0.18513,
        0.17827,
        0.1843,
        0.17834,
        0.18426,
        0.17807,
        0.18435
      ],
      "delta": [
        0.00177,
        0.00021,
        9e-05,
        0.00032,
        -8e-05,
        -9e-05,
        0.0001,
        9e-05,
        -1e-05
      ]
    },
    "2": {
      "persona": [
        0.12034,
        0.11461,
        0.11165,
        0.11263,
        0.11209,
        0.11371,
        0.11237,
        0.11395,
        0.11293
      ],
      "base": [
        0.11819,
        0.11543,
        0.11153,
        0.11264,
        0.11278,
        0.11345,
        0.11295,
        0.11439,
        0.11289
      ],
      "delta": [
        0.00215,
        -0.00081,
        0.00012,
        -1e-05,
        -0.00069,
        0.00027,
        -0.00058,
        -0.00044,
        4e-05
      ]
    },
    "3": {
      "persona": [
        0.19819,
        0.1627,
        0.18033,
        0.16544,
        0.17138,
        0.16122,
        0.18215,
        0.16574,
        0.1777
      ],
      "base": [
        0.19058,
        0.16116,
        0.17877,
        0.16469,
        0.17362,
        0.16159,
        0.1813,
        0.16594,
        0.17823
      ],
      "delta": [
        0.0076,
        0.00154,
        0.00156,
        0.00076,
        -0.00224,
        -0.00037,
        0.00085,
        -0.00021,
        -0.00053
      ]
    },
    "4": {
      "persona": [
        0.28301,
        0.20397,
        0.24012,
        0.2036,
        0.23725,
        0.20755,
        0.2441,
        0.20617,
        0.24701
      ],
      "base": [
        0.28442,
        0.20254,
        0.23918,
        0.20371,
        0.24084,
        0.20847,
        0.24432,
        0.20692,
        0.24733
      ],
      "delta": [
        -0.00141,
        0.00143,
        0.00094,
        -0.00011,
        -0.00358,
        -0.00092,
        -0.00021,
        -0.00076,
        -0.00032
      ]
    },
    "5": {
      "persona": [
        0.42822,
        0.33612,
        0.40148,
        0.34444,
        0.39783,
        0.33915,
        0.39181,
        0.32877,
        0.39768
      ],
      "base": [
        0.43762,
        0.33312,
        0.39936,
        0.3452,
        0.39624,
        0.34069,
        0.38901,
        0.32629,
        0.39859
      ],
      "delta": [
        -0.0094,
        0.00301,
        0.00211,
        -0.00076,
        0.00159,
        -0.00154,
        0.0028,
        0.00248,
        -0.00092
      ]
    },
    "6": {
      "persona": [
        0.33594,
        0.23457,
        0.29121,
        0.24493,
        0.30282,
        0.22727,
        0.29942,
        0.23147,
        0.29911
      ],
      "base": [
        0.32071,
        0.21974,
        0.28636,
        0.2376,
        0.29446,
        0.21936,
        0.29065,
        0.2252,
        0.29052
      ],
      "delta": [
        0.01523,
        0.01483,
        0.00485,
        0.00733,
        0.00836,
        0.00791,
        0.00878,
        0.00627,
        0.00859
      ]
    },
    "7": {
      "persona": [
        0.26883,
        0.13448,
        0.18805,
        0.1288,
        0.16906,
        0.1115,
        0.15169,
        0.1027,
        0.15652
      ],
      "base": [
        0.24434,
        0.122,
        0.17829,
        0.12059,
        0.16712,
        0.10475,
        0.15059,
        0.09971,
        0.15234
      ],
      "delta": [
        0.02449,
        0.01248,
        0.00976,
        0.00821,
        0.00194,
        0.00674,
        0.0011,
        0.00299,
        0.00418
      ]
    },
    "8": {
      "persona": [
        0.19249,
        0.09052,
        0.12365,
        0.08198,
        0.11042,
        0.07311,
        0.09935,
        0.06698,
        0.09553
      ],
      "base": [
        0.17577,
        0.08265,
        0.11971,
        0.07674,
        0.10698,
        0.0677,
        0.09768,
        0.06213,
        0.09337
      ],
      "delta": [
        0.01672,
        0.00788,
        0.00393,
        0.00524,
        0.00344,
        0.00541,
        0.00167,
        0.00485,
        0.00217
      ]
    },
    "9": {
      "persona": [
        0.09861,
        -0.01269,
        0.04875,
        -0.0079,
        0.03625,
        -0.01645,
        0.02642,
        -0.0172,
        0.0276
      ],
      "base": [
        0.09133,
        -0.02095,
        0.04049,
        -0.01619,
        0.03285,
        -0.02132,
        0.02583,
        -0.02065,
        0.02528
      ],
      "delta": [
        0.00728,
        0.00826,
        0.00826,
        0.00829,
        0.0034,
        0.00487,
        0.00059,
        0.00346,
        0.00232
      ]
    },
    "10": {
      "persona": [
        0.33494,
        0.1402,
        0.2444,
        0.16278,
        0.21985,
        0.13788,
        0.19157,
        0.12267,
        0.18152
      ],
      "base": [
        0.32356,
        0.13679,
        0.24082,
        0.15715,
        0.21578,
        0.13438,
        0.19043,
        0.12396,
        0.17886
      ],
      "delta": [
        0.01137,
        0.00341,
        0.00358,
        0.00563,
        0.00407,
        0.0035,
        0.00114,
        -0.00129,
        0.00265
      ]
    },
    "11": {
      "persona": [
        0.11416,
        0.02673,
        0.11011,
        0.05885,
        0.10814,
        0.05348,
        0.10009,
        0.05464,
        0.09289
      ],
      "base": [
        0.11311,
        0.05532,
        0.11338,
        0.06059,
        0.10857,
        0.05552,
        0.104,
        0.05032,
        0.09379
      ],
      "delta": [
        0.00105,
        -0.02859,
        -0.00327,
        -0.00174,
        -0.00043,
        -0.00204,
        -0.00391,
        0.00432,
        -0.0009
      ]
    },
    "12": {
      "persona": [
        0.29668,
        0.12983,
        0.30408,
        0.23005,
        0.27856,
        0.19778,
        0.22275,
        0.16527,
        0.23078
      ],
      "base": [
        0.22038,
        0.19971,
        0.29038,
        0.23705,
        0.29155,
        0.20734,
        0.2408,
        0.17331,
        0.23663
      ],
      "delta": [
        0.0763,
        -0.06988,
        0.0137,
        -0.007,
        -0.01299,
        -0.00956,
        -0.01805,
        -0.00805,
        -0.00585
      ]
    },
    "13": {
      "persona": [
        0.16289,
        0.07268,
        0.11862,
        0.06734,
        0.10292,
        0.06435,
        0.10074,
        0.05861,
        0.11787
      ],
      "base": [
        0.14023,
        0.09139,
        0.11545,
        0.06372,
        0.10707,
        0.06744,
        0.10865,
        0.05805,
        0.11982
      ],
      "delta": [
        0.02266,
        -0.01871,
        0.00316,
        0.00362,
        -0.00415,
        -0.00309,
        -0.00791,
        0.00055,
        -0.00196
      ]
    },