{
  "model": "google/gemma-3-4b-it",
  "seed": 20260607,
  "probe_turns": [
    0,
    2,
    4,
    7,
    9,
    11,
    14,
    17,
    19
  ],
  "conditions": {
    "base": {
      "loving_cohesion": {
        "0": [
          0.17133,
          0.16246,
          0.17133,
          0.16246,
          0.17133,
          0.16246,
          0.17133,
          0.16246,
          0.17133
        ],
        "1": [
          0.19904,
          0.18968,
          0.19766,
          0.19057,
          0.1956,
          0.18722,
          0.19593,
          0.18926,
          0.19628
        ],
        "2": [
          0.14763,
          0.14558,
          0.14541,
          0.1421,
          0.14043,
          0.13659,
          0.14161,
          0.13458,
          0.14072
        ],
        "3": [
          0.19797,
          0.17501,
          0.19431,
          0.17388,
          0.19341,
          0.17261,
          0.19639,
          0.17149,
          0.19479
        ],
        "4": [
          0.17888,
          0.14253,
          0.17172,
          0.13766,
          0.16479,
          0.13201,
          0.16914,
          0.13819,
          0.16387
        ],
        "5": [
          0.21727,
          0.1358,
          0.17037,
          0.11772,
          0.15136,
          0.10234,
          0.14843,
          0.10707,
          0.1383
        ],
        "6": [
          0.29167,
          0.21827,
          0.25742,
          0.19086,
          0.2274,
          0.17677,
          0.23621,
          0.18532,
          0.22799
        ],
        "7": [
          0.18831,
          0.11538,
          0.1654,
          0.10627,
          0.15061,
          0.09907,
          0.1625,
          0.1024,
          0.14667
        ],
        "8": [
          0.23399,
          0.14487,
          0.22321,
          0.17114,
          0.21519,
          0.17065,
          0.24132,
          0.17019,
          0.22217
        ],
        "9": [
          0.25342,
          0.16053,
          0.2047,
          0.14315,
          0.18332,
          0.13312,
          0.18324,
          0.12443,
          0.18618
        ],
        "10": [
          0.18264,
          0.17039,
          0.20444,
          0.15017,
          0.19477,
          0.14901,
          0.1947,
          0.13912,
          0.17959
        ]
      },
      "control_cohesion": {
        "0": [
          0.01931,
          0.01931,
          0.01931,
          0.01931,
          0.01931,
          0.01931,
          0.01931,
          0.01931,
          0.01931
        ],
        "1": [
          0.04543,
          0.04527,
          0.04544,
          0.04539,
          0.04705,
          0.04663,
          0.04507,
          0.04467,
          0.04663
        ],
        "2": [
          -0.00194,
          -0.00273,
          -0.00858,
          -0.00766,
          -0.00944,
          -0.00841,
          -0.00919,
          -0.01052,
          -0.01058
        ],
        "3": [
          0.07057,
          0.06682,
          0.06067,
          0.06069,
          0.0582,
          0.0608,
          0.06228,
          0.0598,
          0.05852
        ],
        "4": [
          0.02532,
          0.03778,
          0.02782,
          0.02612,
          0.02719,
          0.02908,
          0.02704,
          0.02067,
          0.02586
        ],
        "5": [
          0.05922,
          0.04572,
          0.03148,
          0.02855,
          0.02566,
          0.02263,
          0.02616,
          0.02339,
          0.02126
        ],
        "6": [
          0.0946,
          0.09063,
          0.07935,
          0.08419,
          0.07723,
          0.07838,
          0.08233,
          0.07931,
          0.07721
        ],
        "7": [
          0.02914,
          0.05008,
          0.05542,
          0.05776,
          0.05852,
          0.06098,
          0.06193,
          0.05894,
          0.06222
        ]
      },
      "finite_layers": [
        0,
        1,
        2,
        3,
        4,
        5,
        6,
        7,
        8,
        9,
        10
      ],
      "n_tokens": 1301
    },
    "sysprompt": {
      "loving_cohesion": {
        "0": [
          0.17133,
          0.16246,
          0.17133,
          0.16246,
          0.17133,
          0.16246,
          0.17133,
          0.16246,
          0.17133
        ],
        "1": [
          0.20415,
          0.19166,
          0.19851,
          0.19123,
          0.19552,
          0.18713,
          0.19647,
          0.18964,
          0.19557
        ],
        "2": [
          0.15636,
          0.14706,
          0.14338,
          0.14116,
          0.1393,
          0.13508,
          0.14169,
          0.13337,
          0.14001
        ],
        "3": [
          0.19833,
          0.1802,
          0.19543,
          0.17443,
          0.19492,
          0.17239,
          0.19737,
          0.16991,
          0.1947
        ],
        "4": [
          0.18517,
          0.14525,
          0.17208,
          0.13942,
          0.16583,
          0.13222,
          0.17009,
          0.1373,
          0.16378
        ],
        "5": [
          0.20441,
          0.14285,
          0.17165,
          0.11721,
          0.152,
          0.10187,
          0.14887,
          0.10744,
          0.13837
        ],
        "6": [
          0.28827,
          0.22031,
          0.26404,
          0.19295,
          0.23281,
          0.17684,
          0.24206,
          0.1863,
          0.2292
        ],
        "7": [
          0.18962,
          0.11781,
          0.16404,
          0.10508,
          0.15226,
          0.09812,
          0.1641,
          0.10183,
          0.14856
        ],
        "8": [
          0.23117,
          0.14102,
          0.22606,
          0.1741,
          0.2253,
          0.17251,
          0.24533,
          0.17776,
          0.22654
        ],
        "9": [
          0.22474,
          0.14949,
          0.2108,
          0.14665,
          0.196,
          0.13287,
          0.18608,
          0.13218,
          0.18907
        ],
        "10": [
          0.16238,
          0.15288,
          0.19982,
          0.14109,
          0.19722,
          0.14128,
          0.18516,
          0.14248,
          0.17126
        ]
      },
      "control_cohesion": {
        "0": [
          0.01931,
          0.01931,
          0.01931,
          0.01931,
          0.01931,
          0.01931,
          0.01931,
          0.01931,
          0.01931
        ],
        "1": [
          0.0435,
          0.04472,
          0.04506,
          0.04517,
          0.0469,
          0.04645,
          0.04504,
          0.04471,
          0.04662
        ],
        "2": [
          0.00287,
          -0.00078,
          -0.00778,
          -0.00706,
          -0.00894,
          -0.00806,
          -0.00907,
          -0.01045,
          -0.01056
        ],
        "3": [
          0.07621,
          0.07043,
          0.06223,
          0.06233,
          0.05906,
          0.06184,
          0.06281,
          0.0599,
          0.05857
        ],
        "4": [
          0.03244,
          0.04261,
          0.03035,
          0.02792,
          0.02828,
          0.03044,
          0.02741,
          0.02077,
          0.02592
        ],
        "5": [
          0.06147,
          0.04754,
          0.03222,
          0.02969,
          0.02641,
          0.02305,
          0.02652,
          0.02339,
          0.02123
        ],
        "6": [
          0.0926,
          0.08806,
          0.07809,
          0.08375,
          0.07732,
          0.07859,
          0.08219,
          0.07932,
          0.0766
        ],
        "7": [
          0.03202,
          0.04586,
          0.05363,
          0.05505,
          0.05641,
          0.05913,
          0.06075,
          0.05823,
          0.06055
        ]
      },